Symbol,Symbol,Security,GICS_Sector,GICS_Sub_Industry,latestPrice,lastweekPrice,week52High,pct_change1D,pct_change1W,pct_changeFrom1YHigh
A,A,Agilent Technologies Inc,Health Care,Health Care Equipment,83.17,82.56,90.64,-0.01945,0.007388565891472965,-0.08241394527802293
AAL,AAL,American Airlines Group,Industrials,Airlines,28.395,26.84,37.17,0.00336,0.057935916542473986,-0.23607748184019373
AAP,AAP,Advance Auto Parts,Consumer Discretionary,Automotive Retail,132.93,131.75,182.56,-0.01072,0.008956356736242954,-0.27185582822085885
AAPL,AAPL,Apple Inc.,Information Technology,"Technology Hardware, Storage & Peripherals",320.03,309.51,327.85,-0.01359,0.03398920874931344,-0.023852371511362103
ABBV,ABBV,AbbVie Inc.,Health Care,Pharmaceuticals,92.29,81.02,92.29,0.05861,0.13910145643051108,0.0
ABC,ABC,AmerisourceBergen Corp,Health Care,Health Care Distributors,91.94,85.56,94.75,-0.00584,0.07456755493221134,-0.02965699208443273
ABMD,ABMD,ABIOMED Inc,Health Care,Health Care Equipment,186.92,186.29,364.31,-0.04638,0.003381824037790526,-0.48692047981114983
ABT,ABT,Abbott Laboratories,Health Care,Health Care Equipment,87.87,87.14,92.45,-0.01788,0.008377323846683549,-0.04954029204975663
ACN,ACN,Accenture plc,Information Technology,IT Consulting & Other Services,211.58,205.21,214.46,-0.01205,0.031041372252814226,-0.013429077683484114
ADBE,ADBE,Adobe Systems Inc,Information Technology,Application Software,366.12,351.14,374.48,-0.00365,0.04266104687589012,-0.022324289681691978
ADI,ADI,"Analog Devices, Inc.",Information Technology,Semiconductors,112.29,109.75,124.79,-0.03023,0.023143507972665178,-0.10016828271496114
ADM,ADM,Archer-Daniels-Midland Co,Consumer Staples,Agricultural Products,45.71,44.76,47.2,-0.00587,0.02122430741733705,-0.03156779661016951
ADP,ADP,Automatic Data Processing,Information Technology,Internet Services & Infrastructure,179.15,171.39,180.47,-0.00616,0.04527685395880754,-0.007314235052917395
ADS,ADS,Alliance Data Systems,Information Technology,Data Processing & Outsourced Services,105.92,102.79,182.95,-0.00545,0.0304504329214903,-0.42104400109319484
ADSK,ADSK,Autodesk Inc.,Information Technology,Application Software,207.04,196.85,207.19,0.00505,0.051765303530607154,-0.0007239731647280534
AEE,AEE,Ameren Corp,Utilities,Multi-Utilities,83.6,82.05,83.6,0.00517,0.018890920170627545,0.0
AEP,AEP,American Electric Power,Utilities,Electric Utilities,101.34,104.22,104.97,-0.00207,-0.02763385146804831,-0.03458130894541289
AES,AES,AES Corp,Utilities,Independent Power Producers & Energy Traders,20.5,19.86,20.91,-0.00389,0.03222557905337364,-0.019607843137254943
AFL,AFL,AFLAC Inc,Financials,Life & Health Insurance,52.93,51.57,57.18,0.0036,0.02637192165987967,-0.07432668765302552
AGN,AGN,"Allergan, plc",Health Care,Pharmaceuticals,197.05,186.64,197.05,0.02162,0.055775825117874156,0.0
AIG,AIG,American International Group,Financials,Property & Casualty Insurance,53.46,50.26,58.66,0.00094,0.06366892160764026,-0.08864643709512443
AIV,AIV,Apartment Investment & Management,Real Estate,Residential REITs,53.37,52.71,55.49,-0.00224,0.01252134319863396,-0.03820508199675621
AIZ,AIZ,Assurant,Financials,Multi-line Insurance,136.36,130.56,137.83,0.00051,0.044424019607843146,-0.010665312341289979
AJG,AJG,Arthur J. Gallagher & Co.,Financials,Insurance Brokers,104.93,102.57,105.67,-0.00181,0.023008677001072675,-0.0070029336613985915
AKAM,AKAM,Akamai Technologies Inc,Information Technology,Internet Services & Infrastructure,96.095,93.35,97.75,-0.00882,0.02940546331012328,-0.01693094629156011
ALB,ALB,Albemarle Corp,Materials,Specialty Chemicals,82.54,80.28,93.14,-0.05072,0.028151469855505873,-0.11380717199914103
ALGN,ALGN,Align Technology,Health Care,Health Care Supplies,258.59,257.1,334.64,-0.03063,0.005795410346168595,-0.22725914415491277
ALK,ALK,Alaska Air Group Inc,Industrials,Airlines,63.96,64.59,72.22,-0.00094,-0.009753831862517437,-0.11437274993076707
ALL,ALL,Allstate Corp,Financials,Property & Casualty Insurance,124.43,118.54,125.43,0.00436,0.04968786907373035,-0.0079725743442558
ALLE,ALLE,Allegion,Industrials,Building Products,134.04,129.32,137.05,0.01231,0.03649860810392824,-0.021962787303903775
ALXN,ALXN,Alexion Pharmaceuticals,Health Care,Biotechnology,100.6,99.39,141.86,-0.03306,0.012174263004326225,-0.2908501339348655
AMAT,AMAT,Applied Materials Inc.,Information Technology,Semiconductor Equipment,61.715,57.99,64.93,-0.02334,0.06423521296775303,-0.049514862159248496
AMCR,AMCR,Amcor plc,Materials,Paper Packaging,10.82,10.59,11.77,-0.01726,0.02171860245514634,-0.08071367884451985
AMD,AMD,Advanced Micro Devices Inc,Information Technology,Semiconductors,49.725,47,52.81,0.00821,0.05797872340425525,-0.05841696648362049
AME,AME,AMETEK Inc.,Industrials,Electrical Components & Equipment,98.3,97.15,102.31,-0.00385,0.011837364899639713,-0.0391946046329783
AMGN,AMGN,Amgen Inc.,Health Care,Biotechnology,229.29,216.05,244.99,-0.00933,0.061282110622540964,-0.06408424833666682
AMP,AMP,Ameriprise Financial,Financials,Asset Management & Custody Banks,175.32,165.41,177.51,-0.00335,0.05991173447796383,-0.012337333107993897
AMT,AMT,American Tower Corp.,Real Estate,Specialized REITs,238.75,231.74,242,0.00395,0.030249417450591176,-0.013429752066115741
AMZN,AMZN,Amazon.com Inc.,Consumer Discretionary,Internet & Direct Marketing Retail,2080.34,2008.72,2080.34,0.01469,0.03565454617866104,0.0
ANET,ANET,Arista Networks,Information Technology,Communications Equipment,231.77,223.34,331.27,-0.00323,0.03774514193606171,-0.3003592235940471
ANSS,ANSS,ANSYS,Information Technology,Application Software,284.91,274.33,293.43,-0.00339,0.03856668975321709,-0.02903588590123707
ANTM,ANTM,Anthem,Health Care,Managed Health Care,276.48,265.28,317.99,-0.02072,0.04221954161640551,-0.13053869618541458
AON,AON,Aon plc,Financials,Insurance Brokers,230.13,220.25,230.13,0.00231,0.04485811577752541,0.0
AOS,AOS,A.O. Smith Corp,Industrials,Building Products,41.99,42.69,56.66,-0.03025,-0.016397282736003604,-0.25891281327214954
APA,APA,Apache Corporation,Energy,Oil & Gas Exploration & Production,28.11,27.44,38.12,-0.02868,0.02441690962099119,-0.26259181532004194
APD,APD,Air Products & Chemicals Inc,Materials,Industrial Gases,249.92,238.71,251.62,-0.00454,0.04696074735034128,-0.006756219696367638
APH,APH,Amphenol Corp,Information Technology,Electronic Components,103.36,99.47,110.24,-0.00577,0.03910726852317281,-0.062409288824383125
APTV,APTV,Aptiv PLC,Consumer Discretionary,Auto Parts & Equipment,87.13,84.79,99.04,-0.01258,0.027597594055902785,-0.12025444264943463
ARE,ARE,Alexandria Real Estate Equities,Real Estate,Office REITs,167.55,163.2,169.85,-0.00173,0.026654411764706065,-0.013541360023550109
ARNC,ARNC,Arconic Inc.,Industrials,Aerospace & Defense,31.3,29.95,31.99,-0.00318,0.04507512520868118,-0.02156924038762109
ATO,ATO,Atmos Energy Corp,Utilities,Gas Utilities,117.59,117.03,119.2,-0.00059,0.0047850978381611675,-0.013506711409395966
ATVI,ATVI,Activision Blizzard,Communication Services,Interactive Home Entertainment,61.52,58.48,61.9,0.02091,0.051983584131326976,-0.006138933764135657
AVB,AVB,"AvalonBay Communities, Inc.",Real Estate,Residential REITs,219.17,216.69,222.87,0.00018,0.011444921316165813,-0.01660160631758434
AVGO,AVGO,Broadcom Inc.,Information Technology,Semiconductors,315.4,305.16,331.58,-0.01342,0.033556167256521,-0.048796670486760396
AVY,AVY,Avery Dennison Corp,Materials,Paper Packaging,136.24,131.24,141.09,-0.01908,0.038098140810728376,-0.03437522148982919
AWK,AWK,American Water Works Company Inc,Utilities,Water Utilities,134.45,136.2,137.73,-0.00407,-0.01284875183553602,-0.023814709939737222
AXP,AXP,American Express Co,Financials,Consumer Finance,131.82,129.87,138.13,-0.01073,0.01501501501501501,-0.04568160428581769
AZO,AZO,AutoZone Inc,Consumer Discretionary,Specialty Stores,1058.91,1057.96,1274.41,-0.0032,0.0008979545540475087,-0.16909785704757496
BA,BA,Boeing Company,Industrials,Aerospace & Defense,336.75,318.27,446.01,-0.01371,0.058063908002639275,-0.24497208582767205
BAC,BAC,Bank of America Corp,Financials,Diversified Banks,34.61,32.83,35.72,-0.00173,0.05421870240633564,-0.031075027995520754
BAX,BAX,Baxter International Inc.,Health Care,Health Care Equipment,91.25,89.22,95,-0.02197,0.022752746021071468,-0.03947368421052633
BBY,BBY,Best Buy Co. Inc.,Consumer Discretionary,Computer & Electronics Retail,87.02,84.69,91.83,-0.01828,0.027512102963750174,-0.05237939671131442
BDX,BDX,Becton Dickinson,Health Care,Health Care Equipment,246.91,275.18,286.72,-0.02117,-0.10273275674104221,-0.1388462611607144
BEN,BEN,Franklin Resources,Financials,Asset Management & Custody Banks,25.6,25.3,35.82,-0.0184,0.011857707509881354,-0.2853154662199888
BF.B,BF.B,Brown-Forman Corp.,Consumer Staples,Distillers & Vintners,68.8,67.64,72.85,-0.00664,0.01714961561206385,-0.055593685655456415
BIIB,BIIB,Biogen Inc.,Health Care,Biotechnology,338.83,268.85,374.99,0.00471,0.2602938441510134,-0.0964292381130164
BK,BK,The Bank of New York Mellon Corp.,Financials,Asset Management & Custody Banks,47.25,44.78,54.27,-0.0061,0.05515855292541305,-0.12935323383084585
BKNG,BKNG,Booking Holdings Inc,Consumer Discretionary,Internet & Direct Marketing Retail,1907.85,1830.55,2094,-0.02705,0.04222774575947108,-0.08889684813753584
BKR,BKR,Baker Hughes Co,Energy,Oil & Gas Equipment & Services,22.45,21.66,28.65,0.0099,0.036472760849492136,-0.21640488656195456
BLK,BLK,BlackRock,Financials,Asset Management & Custody Banks,555.74,527.35,555.74,0.00193,0.05383521380487344,0.0
BLL,BLL,Ball Corp,Materials,Metal & Glass Containers,76.92,72.18,82.82,-0.01385,0.06566916043225257,-0.07123883120019314
BMY,BMY,Bristol-Myers Squibb,Health Care,Health Care Distributors,66.25,62.95,68.34,-0.01267,0.052422557585385166,-0.030582382206614023
BR,BR,Broadridge Financial Solutions,Information Technology,Data Processing & Outsourced Services,117.85,119.15,136.99,-0.0157,-0.010910616869492351,-0.13971822760785468
BRK.B,BRK.B,Berkshire Hathaway,Financials,Multi-Sector Holdings,227.38,224.43,231.61,-0.00971,0.013144410283830066,-0.01826346012693758
BSX,BSX,Boston Scientific,Health Care,Health Care Equipment,42.19,41.87,46.62,-0.01907,0.007642703606400847,-0.09502359502359503
BWA,BWA,BorgWarner,Consumer Discretionary,Auto Parts & Equipment,33.57,34.29,46.6,-0.00563,-0.02099737532808399,-0.2796137339055794
BXP,BXP,Boston Properties,Real Estate,Office REITs,142.71,143.35,146.07,-0.01157,-0.0044645971398673545,-0.023002669952762234
C,C,Citigroup Inc.,Financials,Diversified Banks,78.69,74.41,83.11,-0.00355,0.057519150651794027,-0.053182529178197546
CAG,CAG,Conagra Brands,Consumer Staples,Packaged Foods & Meats,31.95,32.92,35.59,-0.00436,-0.02946537059538279,-0.10227592020230414
CAH,CAH,Cardinal Health Inc.,Health Care,Health Care Distributors,58.24,51.21,59.8,-0.00034,0.13727787541495795,-0.02608695652173909
CAT,CAT,Caterpillar Inc.,Industrials,Construction Machinery & Heavy Trucks,133.37,131.35,150.55,-0.02827,0.01537875904073105,-0.11411491198937229
CB,CB,Chubb Limited,Financials,Property & Casualty Insurance,162.73,151.99,167.74,-0.003,0.07066254358839386,-0.029867652319065296
CBOE,CBOE,Cboe Global Markets,Financials,Financial Exchanges & Data,122.54,123.22,127.93,-0.04213,-0.005518584645349711,-0.042132416165090336
CBRE,CBRE,CBRE Group,Real Estate,Real Estate Services,64.03,61.05,64.61,0.00235,0.04881244881244884,-0.008976938554403291
CCI,CCI,Crown Castle International Corp.,Real Estate,Specialized REITs,150.49,149.84,151.97,-7e-05,0.004337960491190618,-0.009738764229782149
CCL,CCL,Carnival Corp.,Consumer Discretionary,"Hotels, Resorts & Cruise Lines",42.2,43.53,59.24,-0.03609,-0.030553641167011203,-0.287643484132343
CDNS,CDNS,Cadence Design Systems,Information Technology,Application Software,73.54,72.11,77.08,-0.01342,0.019830814034114574,-0.04592631032693295
CDW,CDW,CDW,Information Technology,Technology Distributors,132.67,130.45,146.09,-0.01463,0.017018014564967432,-0.09186118146348154
CE,CE,Celanese,Materials,Specialty Chemicals,108.59,103.5,128.88,-0.00795,0.04917874396135269,-0.15743327126008688
CERN,CERN,Cerner,Health Care,Health Care Technology,78.98,71.83,80.9,0.00038,0.09954058192955606,-0.023733003708281797
CF,CF,CF Industries Holdings Inc,Materials,Fertilizers & Agricultural Chemicals,42.17,40.28,55.15,-0.00189,0.04692154915590874,-0.2353581142339075
CFG,CFG,Citizens Financial Group,Financials,Regional Banks,38.42,37.28,41.29,-0.00775,0.030579399141630992,-0.06950835553402757
CHD,CHD,Church & Dwight,Consumer Staples,Household Products,74.49,74.22,80.99,0.00717,0.003637833468067786,-0.0802568218298555
CHRW,CHRW,C. H. Robinson Worldwide,Industrials,Air Freight & Logistics,74.37,72.22,92.72,0.01074,0.029770146773747008,-0.1979076790336496
CHTR,CHTR,Charter Communications,Communication Services,Cable & Satellite,525,517.46,537.54,-0.00296,0.014571174583542623,-0.023328496483982497
CI,CI,CIGNA Corp.,Health Care,Managed Health Care,208.92,192.38,216.18,-0.01388,0.0859756731468968,-0.03358312517346662
CINF,CINF,Cincinnati Financial,Financials,Property & Casualty Insurance,112.84,104.95,118.19,0,0.07517865650309674,-0.04526609696251793
CL,CL,Colgate-Palmolive,Consumer Staples,Household Products,76.03,73.78,76.6,-0.00367,0.03049606939550009,-0.007441253263707481
CLX,CLX,The Clorox Company,Consumer Staples,Household Products,166.23,157.31,167.39,0.00703,0.056703324645604125,-0.006929924129278953
CMA,CMA,Comerica Inc.,Financials,Diversified Banks,62.06,61.16,88.96,-0.01912,0.014715500327011188,-0.3023830935251798
CMCSA,CMCSA,Comcast Corp.,Communication Services,Cable & Satellite,44.745,43.19,47.74,0.00325,0.03600370456124091,-0.062735651445329
CME,CME,CME Group Inc.,Financials,Financial Exchanges & Data,213.16,217.11,224.91,0.00249,-0.01819354244392246,-0.05224311947001026
CMG,CMG,Chipotle Mexican Grill,Consumer Discretionary,Restaurants,864.22,866.76,893.02,0.00842,-0.0029304536434537898,-0.03225011757855367
CMI,CMI,Cummins Inc.,Industrials,Industrial Machinery,160.8,159.97,186.73,-0.03103,0.00518847283865731,-0.1388635998500508
CMS,CMS,CMS Energy,Utilities,Multi-Utilities,67.14,68.51,68.98,-0.00267,-0.019997080718143434,-0.026674398376341002
CNC,CNC,Centene Corporation,Health Care,Managed Health Care,63.16,62.81,68.64,-0.01849,0.00557236108899839,-0.07983682983682994
CNP,CNP,CenterPoint Energy,Utilities,Multi-Utilities,26.72,26.48,31.42,-0.00521,0.009063444108761365,-0.14958625079567167
COF,COF,Capital One Financial,Financials,Consumer Finance,101.8,99.8,107.59,-0.0128,0.02004008016032066,-0.053815410354122184
COG,COG,Cabot Oil & Gas,Energy,Oil & Gas Exploration & Production,14.64,14.09,27.65,-0.0088,0.039034776437189445,-0.47052441229656417
COO,COO,The Cooper Companies,Health Care,Health Care Supplies,348.2,346.89,365.68,-0.01365,0.0037764132722188926,-0.04780135637716043
COP,COP,ConocoPhillips,Energy,Oil & Gas Exploration & Production,57.99,59.43,71.01,-0.00719,-0.0242301867743564,-0.18335445711871567
COST,COST,Costco Wholesale Corp.,Consumer Staples,Hypermarkets & Super Centers,313.72,305.52,314.28,0.01001,0.026839486776643273,-0.0017818505791012962
COTY,COTY,"Coty, Inc",Consumer Staples,Personal Products,12.03,10.26,14.14,-0.00496,0.17251461988304095,-0.14922206506364932
CPB,CPB,Campbell Soup,Consumer Staples,Packaged Foods & Meats,48.88,48.39,49.56,0.01495,0.010126059103120477,-0.013720742534301889
CPRI,CPRI,Capri Holdings,Consumer Discretionary,"Apparel, Accessories & Luxury Goods",30.5,29.96,50,-0.0268,0.018024032042723626,-0.39
CPRT,CPRT,Copart Inc,Industrials,Diversified Support Services,102.6,101.46,104.1,-0.0034,0.011235955056179803,-0.014409221902017322
CRM,CRM,Salesforce.com,Information Technology,Application Software,185.72,182.31,190.55,-0.00541,0.01870440458559597,-0.025347677774862354
CSCO,CSCO,Cisco Systems,Information Technology,Communications Equipment,47.995,45.97,58.26,-0.01427,0.04405046769632359,-0.17619292825266053
CSX,CSX,CSX Corp.,Industrials,Railroads,77.88,76.34,80.73,-0.00562,0.020172910662824117,-0.035302861389817974
CTAS,CTAS,Cintas Corporation,Industrials,Diversified Support Services,291.65,278.97,294.74,-0.00681,0.04545291608416657,-0.010483816244826083
CTL,CTL,CenturyLink Inc,Communication Services,Alternative Carriers,14.53,13.66,15.29,0.00207,0.06368960468521223,-0.04970568999345981
CTSH,CTSH,Cognizant Technology Solutions,Information Technology,IT Consulting & Other Services,69.615,61.38,74.85,-0.02527,0.13416422287390017,-0.06993987975951899
CTVA,CTVA,Corteva,Materials,Fertilizers & Agricultural Chemicals,31.04,28.92,32.78,-0.01741,0.07330567081604422,-0.05308114704087863
CTXS,CTXS,Citrix Systems,Information Technology,Application Software,121.12,121.22,130.55,-0.00908,-0.0008249463784854028,-0.07223286097280734
CVS,CVS,CVS Health,Health Care,Health Care Services,71.56,67.82,77.03,0.01016,0.055145974638749706,-0.07101129430092168
CVX,CVX,Chevron Corp.,Energy,Integrated Oil & Gas,108.94,107.14,127.34,-0.00502,0.016800448011947022,-0.14449505261504636
CXO,CXO,Concho Resources,Energy,Oil & Gas Exploration & Production,79.09,75.78,124.53,-0.01703,0.04367907099498547,-0.36489199389705285
D,D,Dominion Energy,Utilities,Electric Utilities,84.81,85.75,86.69,-0.00539,-0.010962099125364388,-0.021686469027569433
DAL,DAL,Delta Air Lines Inc.,Industrials,Airlines,57.92,55.74,63.44,-0.00447,0.03911015428776454,-0.08701134930643117
DD,DD,DuPont de Nemours Inc,Materials,Specialty Chemicals,52.55,51.18,170.46,-0.02342,0.026768268855021482,-0.691716531737651
DE,DE,Deere & Co.,Industrials,Agricultural & Farm Machinery,167.45,158.58,180.48,-0.00835,0.05593391348215393,-0.07219636524822692
DFS,DFS,Discover Financial Services,Financials,Consumer Finance,75.29,75.13,92.98,-0.01388,0.002129641953946715,-0.19025596902559683
DG,DG,Dollar General,Consumer Discretionary,General Merchandise Stores,154.97,153.41,166.98,-0.00322,0.010168828629163684,-0.07192478141094738
DGX,DGX,Quest Diagnostics,Health Care,Health Care Services,111.45,110.67,113,-0.00215,0.007047980482515648,-0.013716814159292046
DHI,DHI,D. R. Horton,Consumer Discretionary,Homebuilding,60.7,59.2,61.77,0.00455,0.02533783783783794,-0.017322324753116458
DHR,DHR,Danaher Corp.,Health Care,Health Care Equipment,161.99,160.87,169.19,-0.01214,0.006962143345558447,-0.042555706602044996
DIS,DIS,The Walt Disney Company,Communication Services,Movies & Entertainment,141.02,138.31,153.41,-0.01177,0.019593666401561682,-0.08076396584316525
DISCA,DISCA,Discovery Inc. Class A,Communication Services,Broadcasting,29.785,29.26,33.66,-0.00882,0.01794258373205726,-0.11512180629827684
DISCK,DISCK,Discovery Inc. Class C,Communication Services,Broadcasting,28.335,27.77,31.2,-0.00718,0.020345696795102786,-0.09182692307692308
DISH,DISH,Dish Network,Communication Services,Cable & Satellite,36.785,36.76,44.48,-0.00312,0.0006800870511425305,-0.17299910071942448
DLR,DLR,Digital Realty Trust Inc,Real Estate,Specialized REITs,123.28,122.99,136.32,-0.00597,0.002357915277664935,-0.09565727699530513
DLTR,DLTR,Dollar Tree,Consumer Discretionary,General Merchandise Stores,87.17,87.07,119.71,-0.00876,0.0011485012059264665,-0.2718235736362876
DOV,DOV,Dover Corp.,Industrials,Industrial Machinery,117.31,113.85,120.2,-0.00778,0.03039086517347389,-0.0240432612312812
DOW,DOW,Dow Inc.,Materials,Commodity Chemicals,48.03,46.07,60.52,-0.02378,0.04254395485131335,-0.20637805684071386
DRE,DRE,Duke Realty Corp,Real Estate,Industrial REITs,36.63,36.31,36.91,-0.00327,0.00881299917378131,-0.007586020048767073
DRI,DRI,Darden Restaurants,Consumer Discretionary,Restaurants,120.71,116.43,128.41,-0.0065,0.036760285149875394,-0.059964177244762884
DTE,DTE,DTE Energy Co.,Utilities,Multi-Utilities,133.61,132.61,135.51,-0.00447,0.0075409094336778,-0.014021105453471905
DUK,DUK,Duke Energy,Utilities,Electric Utilities,96.27,97.63,98.05,-0.00681,-0.013930144422820812,-0.018154003059663415
DVA,DVA,DaVita Inc.,Health Care,Health Care Facilities,81.34,79.87,85.59,-0.02083,0.018404907975460016,-0.049655333567005466
DVN,DVN,Devon Energy,Energy,Oil & Gas Exploration & Production,22.97,21.72,35.39,-0.00692,0.057550644567219145,-0.3509465950833569
DXC,DXC,DXC Technology,Information Technology,IT Consulting & Other Services,32.7,31.88,69.45,-0.05573,0.025721455457967446,-0.5291576673866091
EA,EA,Electronic Arts,Communication Services,Interactive Home Entertainment,109.13,107.92,114.13,-0.00791,0.011212008895478132,-0.04380969070358365
EBAY,EBAY,eBay Inc.,Consumer Discretionary,Internet & Direct Marketing Retail,36.165,33.56,42,-0.04829,0.07762216924910592,-0.1389285714285714
ECL,ECL,Ecolab Inc.,Materials,Specialty Chemicals,205.64,196.11,209.87,-0.0071,0.048595176176635446,-0.020155334254538637
ED,ED,Consolidated Edison,Utilities,Electric Utilities,92.78,94,95.1,-0.00738,-0.012978723404255321,-0.024395373291272282
EFX,EFX,Equifax Inc.,Industrials,Research & Consulting Services,155.61,149.9,157.09,-0.00231,0.038092061374249475,-0.009421350818002328
EIX,EIX,Edison Int'l,Utilities,Electric Utilities,77,76.55,78.49,0.00931,0.005878510777269863,-0.018983309975793006
EL,EL,Estee Lauder Cos.,Consumer Staples,Personal Products,208.96,195.16,220.42,-0.01215,0.07071121131379376,-0.05199165230015412
EMN,EMN,Eastman Chemical,Materials,Diversified Chemicals,72.38,71.27,86.18,-0.0207,0.015574575557738113,-0.16012996054769102
EMR,EMR,Emerson Electric Company,Industrials,Electrical Components & Equipment,73.77,71.63,78.38,-0.01967,0.02987575038391732,-0.05881602449604495
EOG,EOG,EOG Resources,Energy,Oil & Gas Exploration & Production,74.35,72.91,107.89,-0.02003,0.01975037717734196,-0.3108721846324961
EQIX,EQIX,Equinix,Real Estate,Specialized REITs,605.61,589.73,609.97,0.00311,0.02692757702677495,-0.007147892519304255
EQR,EQR,Equity Residential,Real Estate,Residential REITs,84.2,83.08,89.55,0.00393,0.013480982185845036,-0.05974316024567272
ES,ES,Eversource Energy,Utilities,Multi-Utilities,90.58,92.44,93.56,-0.00319,-0.020121159671138034,-0.0318512184694314
ESS,ESS,"Essex Property Trust, Inc.",Real Estate,Residential REITs,314.79,309.76,334.17,0.00016,0.016238378099173723,-0.05799443397073345
ETFC,ETFC,E*Trade,Financials,Investment Banking & Brokerage,43.62,42.62,52.35,-0.00023,0.023463162834350015,-0.1667621776504299
ETN,ETN,Eaton Corporation,Industrials,Electrical Components & Equipment,101.96,94.47,103.5,-0.00507,0.0792844289192336,-0.014879227053140154
ETR,ETR,Entergy Corp.,Utilities,Electric Utilities,131.94,131.52,132.88,0.00403,0.0031934306569341153,-0.007074051776038481
EVRG,EVRG,Evergy,Utilities,Electric Utilities,70.87,72.16,72.62,-0.00631,-0.017876940133037533,-0.024098044615808334
EW,EW,Edwards Lifesciences,Health Care,Health Care Equipment,232.41,219.86,247.64,-0.01788,0.05708177931410896,-0.06150056533677917
EXC,EXC,Exelon Corp.,Utilities,Multi-Utilities,48.195,47.59,51.18,-0.00135,0.012712754780416002,-0.058323563892145325
EXPD,EXPD,Expeditors,Industrials,Air Freight & Logistics,73.36,73.04,81.64,-0.00905,0.004381161007666945,-0.10142087212150908
EXPE,EXPE,Expedia Group,Consumer Discretionary,Internet & Direct Marketing Retail,110.085,108.45,144,-0.0149,0.015076071922544898,-0.2355208333333334
EXR,EXR,Extra Space Storage,Real Estate,Specialized REITs,110.21,110.68,124.46,0.00173,-0.004246476328153337,-0.11449461674433559
F,F,Ford Motor,Consumer Discretionary,Automobile Manufacturers,8.11,8.82,10.56,-0.01697,-0.08049886621315205,-0.2320075757575758
FANG,FANG,Diamondback Energy,Energy,Oil & Gas Exploration & Production,74.26,74.4,114.14,-0.02584,-0.0018817204301074808,-0.3493954792360259
FAST,FAST,Fastenal Co,Industrials,Building Products,37.36,34.88,38.24,-0.01425,0.07110091743119251,-0.023012552301255318
FB,FB,"Facebook, Inc.",Communication Services,Interactive Media & Services,212.31,201.91,224.2,0.00692,0.051508097667277486,-0.05303300624442453
FBHS,FBHS,Fortune Brands Home & Security,Industrials,Building Products,70.75,68.71,72.5,-0.01104,0.029690001455392245,-0.024137931034482807
FCX,FCX,Freeport-McMoRan Inc.,Materials,Copper,11.8,11.1,14.68,-0.04221,0.06306306306306309,-0.19618528610354213
FDX,FDX,FedEx Corporation,Industrials,Air Freight & Logistics,155.66,144.64,199.32,0.0473,0.0761891592920354,-0.21904475215733488
FE,FE,FirstEnergy Corp,Utilities,Electric Utilities,51.23,50.79,52.26,-0.00039,0.008663122661941358,-0.01970914657481826
FFIV,FFIV,F5 Networks,Information Technology,Communications Equipment,123.56,122.12,173.44,-0.00032,0.011791680314444886,-0.2875922509225092
FIS,FIS,Fidelity National Information Services,Information Technology,Data Processing & Outsourced Services,146.46,143.66,150.42,-0.00597,0.019490463594598495,-0.026326286398085208
FISV,FISV,Fiserv Inc,Information Technology,Data Processing & Outsourced Services,121.87,118.61,125.05,0.00164,0.027485034988618207,-0.025429828068772475
FITB,FITB,Fifth Third Bancorp,Financials,Regional Banks,29.48,28.45,31.64,-0.00607,0.03620386643233742,-0.06826801517067005
FLIR,FLIR,FLIR Systems,Information Technology,Electronic Equipment & Instruments,53.05,51.54,55.54,-0.01686,0.029297632906480464,-0.04483255311487222
FLS,FLS,Flowserve Corporation,Industrials,Industrial Machinery,47.06,46.68,54.16,-0.03841,0.008140531276778162,-0.13109305760709
FLT,FLT,FleetCor Technologies Inc,Information Technology,Data Processing & Outsourced Services,306.76,315.23,329.85,-0.06717,-0.026869270056783967,-0.07000151584053371
FMC,FMC,FMC Corporation,Materials,Fertilizers & Agricultural Chemicals,105.14,95.59,108.77,-0.02576,0.09990584789203893,-0.033373172749839086
FOX,FOX,Fox Corporation Class B,Communication Services,Movies & Entertainment,36.375,36.33,41.73,-0.00342,0.0012386457473163581,-0.12832494608195533
FOXA,FOXA,Fox Corporation Class A,Communication Services,Movies & Entertainment,36.995,37.08,41.95,-0.0031,-0.0022923408845738624,-0.11811680572109662
FRC,FRC,First Republic Bank,Financials,Regional Banks,115.01,110.88,122.34,-0.01041,0.03724747474747492,-0.059914991008664376
FRT,FRT,Federal Realty Investment Trust,Real Estate,Retail REITs,128.02,125.02,141.35,-0.00497,0.023996160614301765,-0.09430491687301013
FTI,FTI,TechnipFMC,Energy,Oil & Gas Equipment & Services,16.82,16.51,28.57,-0.03831,0.01877649909145962,-0.41127056352817637
FTNT,FTNT,Fortinet,Information Technology,Systems Software,117.17,115.36,121.82,-0.03429,0.01569001386962543,-0.03817107207355108
FTV,FTV,Fortive Corp,Industrials,Industrial Machinery,79.02,74.93,89.48,0.01529,0.05458427866008253,-0.11689763075547621
GD,GD,General Dynamics,Industrials,Aerospace & Defense,186.74,175.44,193.76,0.00328,0.06440948472412233,-0.0362303881090007
GE,GE,General Electric,Industrials,Industrial Conglomerates,12.83,12.45,13,-0.00927,0.030522088353413634,-0.013076923076923097
GILD,GILD,Gilead Sciences,Health Care,Biotechnology,68.865,63.2,69.98,0.0096,0.08963607594936707,-0.01593312374964284
GIS,GIS,General Mills,Consumer Staples,Packaged Foods & Meats,51.9,52.22,56.4,0.00367,-0.006127920337035575,-0.07978723404255317
GL,GL,Globe Life Inc.,Financials,Life & Health Insurance,108.58,104.26,109.1,0.00463,0.04143487435258009,-0.00476626947754355
GLW,GLW,Corning Inc.,Information Technology,Electronic Components,27.68,26.69,35.34,-0.01739,0.03709254402397888,-0.2167515563101302
GM,GM,General Motors,Consumer Discretionary,Automobile Manufacturers,33.63,33.39,41.9,-0.02039,0.007187780772686558,-0.1973747016706443
GOOG,GOOG,Alphabet Inc Class C,Communication Services,Interactive Media & Services,1479.22,1434.23,1503.21,0.00203,0.03136874838763659,-0.01595918068666391
GOOGL,GOOGL,Alphabet Inc Class A,Communication Services,Interactive Media & Services,1479.29,1432.78,1500.58,0.00225,0.03246136880749306,-0.014187847365685236
GPC,GPC,Genuine Parts,Consumer Discretionary,Specialty Stores,95.38,93.57,115.2,-0.00801,0.01934380677567593,-0.17204861111111114
GPN,GPN,Global Payments Inc.,Information Technology,Data Processing & Outsourced Services,200.79,195.45,205.37,-0.00436,0.027321565617805188,-0.0223012124458295
GPS,GPS,Gap Inc.,Consumer Discretionary,Apparel Retail,17.85,17.41,31.39,-0.03461,0.02527283170591632,-0.4313475629181267
GRMN,GRMN,Garmin Ltd.,Consumer Discretionary,Consumer Electronics,96.2,96.95,102.42,-0.01686,-0.0077359463641052395,-0.060730326108181965
GS,GS,Goldman Sachs Group,Financials,Investment Banking & Brokerage,238,237.75,250.46,-0.0158,0.001051524710830698,-0.049748462828395734
GWW,GWW,Grainger (W.W.) Inc.,Industrials,Industrial Machinery,299.7,302.67,346.6,-0.02865,-0.009812667261373864,-0.1353144835545298
HAL,HAL,Halliburton Co.,Energy,Oil & Gas Equipment & Services,21.8,21.81,32.71,-0.02066,-0.00045850527281054987,-0.33353714460409656
HAS,HAS,Hasbro Inc.,Consumer Discretionary,Leisure Products,99.63,101.87,126.87,-0.02791,-0.02198880926671254,-0.2147079687869473
HBAN,HBAN,Huntington Bancshares,Financials,Regional Banks,13.97,13.57,15.63,0,0.029476787030213725,-0.10620601407549579
HBI,HBI,Hanesbrands Inc,Consumer Discretionary,"Apparel, Accessories & Luxury Goods",14.2,13.76,19.38,-0.01526,0.03197674418604657,-0.2672858617131063
HCA,HCA,HCA Healthcare,Health Care,Health Care Facilities,145.93,138.8,151.93,-0.02231,0.05136887608069163,-0.03949187125649967
HD,HD,Home Depot,Consumer Discretionary,Home Improvement Retail,237.3,228.1,239.41,-0.00645,0.04033318719859724,-0.008813332776408611
HES,HES,Hess Corporation,Energy,Integrated Oil & Gas,55.45,56.57,74.11,-0.0277,-0.019798479759589815,-0.25178788287680476
HFC,HFC,HollyFrontier Corp,Energy,Oil & Gas Refining & Marketing,43.52,44.92,58.88,0.00184,-0.03116651825467498,-0.26086956521739124
HIG,HIG,Hartford Financial Svc.Gp.,Financials,Property & Casualty Insurance,59.81,59.28,62.75,0.00319,0.00894062078272606,-0.04685258964143424
HII,HII,Huntington Ingalls Industries,Industrials,Aerospace & Defense,269.14,261,279.71,0.00358,0.031187739463601538,-0.037789138750849105
HLT,HLT,Hilton Worldwide Holdings Inc,Consumer Discretionary,"Hotels, Resorts & Cruise Lines",110.84,107.8,113.96,-0.0165,0.02820037105751405,-0.027378027378027303
HOG,HOG,Harley-Davidson,Consumer Discretionary,Motorcycle Manufacturers,33.87,33.4,41.4,-0.01826,0.014071856287425133,-0.18188405797101448
HOLX,HOLX,Hologic,Health Care,Health Care Equipment,53.18,53.52,55.25,-0.01427,-0.006352765321375298,-0.03746606334841629
HON,HON,Honeywell Int'l Inc.,Industrials,Industrial Conglomerates,175.28,173.22,184.06,-0.00607,0.011892391178847772,-0.047701836357709415
HP,HP,Helmerich & Payne,Energy,Oil & Gas Drilling,42.65,40.55,64.8,-0.01021,0.051787916152897795,-0.341820987654321
HPE,HPE,Hewlett Packard Enterprise,Information Technology,"Technology Hardware, Storage & Peripherals",14.74,13.93,17.59,-0.01206,0.05814788226848533,-0.1620238772029562
HPQ,HPQ,HP Inc.,Information Technology,"Technology Hardware, Storage & Peripherals",21.73,21.32,24.09,-0.00504,0.019230769230769162,-0.0979659609796596
HRB,HRB,H&R Block,Consumer Discretionary,Specialized Consumer Services,22.31,23.2,29.62,-0.03919,-0.038362068965517304,-0.24679270762997985
HRL,HRL,Hormel Foods Corp.,Consumer Staples,Packaged Foods & Meats,47.09,47.26,48.01,0.00427,-0.00359712230215814,-0.019162674442824268
HSIC,HSIC,Henry Schein,Health Care,Health Care Distributors,69.95,68.94,80.9,-0.01437,0.014650420655642593,-0.13535228677379485
HST,HST,Host Hotels & Resorts,Real Estate,Hotel & Resort REITs,16.7,16.34,20.35,-0.01765,0.022031823745410017,-0.17936117936117946
HSY,HSY,The Hershey Company,Consumer Staples,Packaged Foods & Meats,156.05,155.17,162.2,0.01108,0.005671199329767562,-0.03791615289765704
HUM,HUM,Humana Inc.,Health Care,Managed Health Care,353.26,336.24,376.4,-0.0164,0.05061860575779198,-0.06147715196599357
IBM,IBM,International Business Machines,Information Technology,IT Consulting & Other Services,153.41,143.73,158.75,-0.01115,0.06734850066096154,-0.03363779527559052
ICE,ICE,Intercontinental Exchange,Financials,Financial Exchanges & Data,92.63,99.74,101.93,0.02797,-0.07128534188891111,-0.09123908564701277
IDXX,IDXX,IDEXX Laboratories,Health Care,Health Care Equipment,278.425,271.01,294.57,-0.008,0.02736061399948353,-0.0548087042129205
IEX,IEX,IDEX Corporation,Industrials,Industrial Machinery,171.35,163.85,176.7,0.00093,0.045773573390295974,-0.030277306168647433
IFF,IFF,Intl Flavors & Fragrances,Materials,Specialty Chemicals,140,131.11,152.95,-0.01554,0.0678056593699945,-0.08466819221967958
ILMN,ILMN,Illumina Inc,Health Care,Life Sciences Tools & Services,294.28,290.07,380.76,-0.02307,0.01451373806322609,-0.22712469797247614
INCY,INCY,Incyte,Health Care,Biotechnology,74.14,73.07,96.79,-0.02203,0.01464349254139874,-0.23401177807624762
INFO,INFO,IHS Markit Ltd.,Industrials,Research & Consulting Services,80.42,78.86,81.28,-0.00532,0.019781891960436226,-0.01058070866141736
INTC,INTC,Intel Corp.,Information Technology,Semiconductors,66.025,63.93,69.29,-0.01587,0.032770217425309056,-0.047120796651753505
INTU,INTU,Intuit Inc.,Information Technology,Application Software,294.78,280.38,298.82,0.00194,0.05135887010485751,-0.013519844722575503
IP,IP,International Paper,Materials,Paper Packaging,43.56,40.72,48.24,-0.01559,0.06974459724950899,-0.09701492537313428
IPG,IPG,Interpublic Group,Communication Services,Advertising,23.02,22.7,24.15,-0.00819,0.014096916299559448,-0.046790890269151064
IPGP,IPGP,IPG Photonics Corp.,Information Technology,Electronic Manufacturing Services,133.61,127.67,182.17,-0.05543,0.04652620036030397,-0.26656419827633515
IQV,IQV,IQVIA Holdings Inc.,Health Care,Life Sciences Tools & Services,157,155.25,164.13,-0.02199,0.011272141706924366,-0.04344117467860842
IR,IR,Ingersoll-Rand PLC,Industrials,Industrial Machinery,141.81,133.23,142.7,-0.00421,0.06439990993019595,-0.0062368605466012195
IRM,IRM,Iron Mountain Incorporated,Real Estate,Specialized REITs,31.83,31.61,36.82,-0.00313,0.006959822840873153,-0.13552417164584474
ISRG,ISRG,Intuitive Surgical Inc.,Health Care,Health Care Equipment,579.63,559.78,616.56,-0.0033,0.03546035942691783,-0.05989684702218756
IT,IT,Gartner Inc,Information Technology,IT Consulting & Other Services,152.58,160.78,171.78,-0.01108,-0.05100136832939417,-0.11177086971707995
ITW,ITW,Illinois Tool Works,Industrials,Industrial Machinery,183.54,174.98,186.49,-0.0136,0.048919876557320885,-0.015818542549198455
IVZ,IVZ,Invesco Ltd.,Financials,Asset Management & Custody Banks,18.22,17.3,22.18,0.0011,0.05317919075144495,-0.17853922452660054
J,J,Jacobs Engineering Group,Industrials,Construction & Engineering,95.78,92.53,98.08,-0.0025,0.03512374365070792,-0.023450244698205558
JBHT,JBHT,J. B. Hunt Transport Services,Industrials,Trucking,112.48,107.93,122.29,0.00402,0.04215695358102467,-0.08021915119797207
JCI,JCI,Johnson Controls International,Industrials,Building Products,39.81,39.45,44.82,-0.00276,0.009125475285171047,-0.11178045515394908
JKHY,JKHY,Jack Henry & Associates,Information Technology,Data Processing & Outsourced Services,165.28,149.54,165.74,0.00658,0.10525611876421026,-0.002775431398576167
JNJ,JNJ,Johnson & Johnson,Health Care,Pharmaceuticals,151.89,148.87,154.5,-0.01068,0.020286155706320752,-0.016893203883495245
JNPR,JNPR,Juniper Networks,Information Technology,Communications Equipment,23.76,22.94,28.77,0.02768,0.03574542284219695,-0.17413972888425433
JPM,JPM,JPMorgan Chase & Co.,Financials,Diversified Banks,137.17,132.36,141.1,-0.0032,0.03634028407373813,-0.027852586817859737
JWN,JWN,Nordstrom,Consumer Discretionary,Department Stores,38.12,36.86,48.87,-0.04197,0.03418339663591974,-0.21997135256803768
K,K,Kellogg Co.,Consumer Staples,Packaged Foods & Meats,64.17,68.21,71.05,0.01119,-0.05922885207447581,-0.0968332160450387
KEY,KEY,KeyCorp,Financials,Regional Banks,19.6,18.71,20.53,-0.00051,0.04756814537680398,-0.045299561617145656
KEYS,KEYS,Keysight Technologies,Information Technology,Electronic Equipment & Instruments,94.5,92.99,110,-0.02062,0.01623830519410685,-0.14090909090909087
KHC,KHC,Kraft Heinz Co,Consumer Staples,Packaged Foods & Meats,29.53,29.2,48.66,0.01617,0.011301369863013777,-0.3931360460337032
KIM,KIM,Kimco Realty,Real Estate,Retail REITs,19.62,19.05,21.86,-0.00254,0.02992125984251981,-0.10247026532479409
KLAC,KLAC,KLA Corporation,Information Technology,Semiconductor Equipment,165.1,165.74,184.5,-0.03866,-0.0038614697719320246,-0.1051490514905149
KMB,KMB,Kimberly-Clark,Consumer Staples,Household Products,144.82,143.24,149.23,0.00201,0.011030438425020828,-0.029551698720096442
KMI,KMI,Kinder Morgan,Energy,Oil & Gas Storage & Transportation,21.12,20.87,21.88,-0.00985,0.011978917105893716,-0.034734917733089454
KMX,KMX,Carmax Inc,Consumer Discretionary,Specialty Stores,96.3,97.04,100.49,-0.00691,-0.007625721352019887,-0.041695691113543654
KO,KO,Coca-Cola Company,Consumer Staples,Soft Drinks,59.19,58.4,59.45,0.00339,0.013527397260273855,-0.004373423044575331
KR,KR,Kroger Co.,Consumer Staples,Food Retail,27.96,26.86,29.97,-0.00321,0.04095309009679826,-0.067067067067067
KSS,KSS,Kohl's Corp.,Consumer Discretionary,General Merchandise Stores,43.8,42.75,75.91,-0.02558,0.024561403508771784,-0.423000922144645
KSU,KSU,Kansas City Southern,Industrials,Railroads,171.86,168.69,175.1,-0.00076,0.018791866737803087,-0.018503712164477326
L,L,Loews Corp.,Financials,Multi-line Insurance,53.25,51.45,56.2,-0.00113,0.03498542274052463,-0.052491103202847
LB,LB,L Brands Inc.,Consumer Discretionary,Apparel Retail,23.58,23.16,29.02,-0.01668,0.018134715025906578,-0.18745692625775334
LDOS,LDOS,Leidos Holdings,Information Technology,IT Consulting & Other Services,110.11,100.47,113.2,0.00136,0.0959490395142828,-0.027296819787985926
LEG,LEG,Leggett & Platt,Consumer Discretionary,Home Furnishings,45.09,47.59,55.42,-0.02844,-0.05253204454717375,-0.18639480332010105
LEN,LEN,Lennar Corp.,Consumer Discretionary,Homebuilding,68.99,66.36,68.99,0.01233,0.03963230861965039,0.0
LH,LH,Laboratory Corp. of America Holding,Health Care,Health Care Services,182.33,175.4,185.5,-0.00843,0.03950969213226907,-0.01708894878706191
LHX,LHX,L3Harris Technologies,Industrials,Aerospace & Defense,229.86,221.33,229.86,0.01717,0.038539737044232636,0.0
LIN,LIN,Linde plc,Materials,Industrial Gases,214.16,203.13,217.42,-0.01195,0.05430020184118556,-0.014994020789255824
LKQ,LKQ,LKQ Corporation,Consumer Discretionary,Distributors,32.92,32.69,36.63,-0.00903,0.007035790761700911,-0.10128310128310125
LLY,LLY,Lilly (Eli) & Co.,Health Care,Pharmaceuticals,146.41,139.64,147.87,-0.00604,0.048481810369521705,-0.009873537566781665
LMT,LMT,Lockheed Martin Corp.,Industrials,Aerospace & Defense,439.17,428.12,439.86,0.00046,0.02581052041483689,-0.0015686809439366955
LNC,LNC,Lincoln National,Financials,Multi-line Insurance,59.46,54.48,67.52,0.00152,0.09140969162995605,-0.11937203791469186
LNT,LNT,Alliant Energy Corp,Utilities,Electric Utilities,58.33,59.36,59.74,-0.00342,-0.01735175202156336,-0.023602276531637156
LOW,LOW,Lowe's Cos.,Consumer Discretionary,Home Improvement Retail,121.48,116.24,123.14,-0.00025,0.045079146593255404,-0.013480591197011504
LRCX,LRCX,Lam Research,Information Technology,Semiconductor Equipment,315.3,298.21,332.53,-0.02541,0.05730860802789994,-0.05181487384596872
LUV,LUV,Southwest Airlines,Industrials,Airlines,57.26,54.98,58.74,-0.00797,0.041469625318297565,-0.0251957780047668
LVS,LVS,Las Vegas Sands,Consumer Discretionary,Casinos & Gaming,66.8,65.31,74.29,-0.03843,0.022814270402694792,-0.10082110647462661
LW,LW,Lamb Weston Holdings Inc,Consumer Staples,Packaged Foods & Meats,94.45,91.31,94.46,0.01374,0.03438834738801888,-0.00010586491636666029
LYB,LYB,LyondellBasell,Materials,Specialty Chemicals,82.1,77.86,98.91,-0.01535,0.05445671718469036,-0.16995248205439295
LYV,LYV,Live Nation Entertainment,Communication Services,Movies & Entertainment,72.19,68.16,76.06,-0.00083,0.05912558685446001,-0.05088088351301612
M,M,Macy's Inc.,Consumer Discretionary,Department Stores,16.4,15.95,26.33,-0.03245,0.028213166144200663,-0.37713634637295856
MA,MA,Mastercard Inc.,Information Technology,Data Processing & Outsourced Services,327,315.94,335,-0.00698,0.03500664683167698,-0.023880597014925398
MAA,MAA,Mid-America Apartments,Real Estate,Residential REITs,141.19,137.21,141.19,0.00599,0.029006632169666924,0.0
MAR,MAR,Marriott Int'l.,Consumer Discretionary,"Hotels, Resorts & Cruise Lines",144.14,140.06,153.39,-0.01423,0.029130372697415252,-0.06030380076928088
MAS,MAS,Masco Corp.,Industrials,Building Products,48.81,47.52,50.06,-0.01454,0.02714646464646453,-0.024970035956851766
MCD,MCD,McDonald's Corp.,Consumer Discretionary,Restaurants,211.61,213.97,221.93,-0.00592,-0.011029583586483982,-0.04650114901094937
MCHP,MCHP,Microchip Technology,Information Technology,Semiconductors,106.19,97.48,112.47,-0.02111,0.08935166187935972,-0.05583711211878728
MCK,MCK,McKesson Corp.,Health Care,Health Care Distributors,156.32,142.61,159.1,-0.01263,0.09613631582637949,-0.017473287240729163
MCO,MCO,Moody's Corp,Financials,Financial Exchanges & Data,267.5,256.79,269.93,-0.0019,0.041707231590015104,-0.00900233393842853
MDLZ,MDLZ,Mondelez International,Consumer Staples,Packaged Foods & Meats,58.71,57.38,59.43,0.00496,0.023178807947019875,-0.0121150933871782
MDT,MDT,Medtronic plc,Health Care,Health Care Equipment,118.95,115.44,122.15,-0.01937,0.030405405405405483,-0.026197298403602187
MET,MET,MetLife Inc.,Financials,Life & Health Insurance,51.58,49.71,52.76,-0.00559,0.03761818547575935,-0.022365428354814254
MGM,MGM,MGM Resorts International,Consumer Discretionary,Casinos & Gaming,31.36,31.06,34.64,-0.03448,0.00965872504829357,-0.09468822170900693
MHK,MHK,Mohawk Industries,Consumer Discretionary,Home Furnishings,127.01,131.68,156.6,-0.02674,-0.03546476306196844,-0.18895274584929755
MKC,MKC,McCormick & Co.,Consumer Staples,Packaged Foods & Meats,163.11,163.37,174.58,0.00611,-0.001591479463793788,-0.06570053843510137
MKTX,MKTX,MarketAxess,Financials,Financial Exchanges & Data,344.55,354.18,421.45,-0.00324,-0.02718956462815514,-0.18246529837465886
MLM,MLM,Martin Marietta Materials,Materials,Construction Materials,274.1,263.8,281.82,-0.00029,0.039044730856709675,-0.027393371655666687
MMC,MMC,Marsh & McLennan,Financials,Insurance Brokers,116.68,111.86,116.99,0.00198,0.04308957625603438,-0.002649799128130459
MMM,MMM,3M Company,Industrials,Industrial Conglomerates,160.08,158.66,219.75,-0.01725,0.008949955880499294,-0.27153583617747434
MNST,MNST,Monster Beverage,Consumer Staples,Soft Drinks,68.9,66.6,69.74,-0.00792,0.0345345345345347,-0.012044737596787924
MO,MO,Altria Group Inc,Consumer Staples,Tobacco,46.22,47.53,57.88,-0.00943,-0.027561540079949598,-0.20145127850725641
MOS,MOS,The Mosaic Company,Materials,Fertilizers & Agricultural Chemicals,20.25,19.84,33.91,-0.02971,0.02066532258064524,-0.4028310232969625
MPC,MPC,Marathon Petroleum,Energy,Oil & Gas Refining & Marketing,54.69,54.5,69.65,-0.01388,0.003486238532109942,-0.2147882268485285
MRK,MRK,Merck & Co.,Health Care,Pharmaceuticals,85.08,85.44,92.64,-0.007,-0.004213483146067398,-0.08160621761658038
MRO,MRO,Marathon Oil Corp.,Energy,Oil & Gas Exploration & Production,11.68,11.37,18.93,-0.02013,0.027264731750219928,-0.3829899630216588
MS,MS,Morgan Stanley,Financials,Investment Banking & Brokerage,55.03,52.26,57.57,0.00036,0.05300420972062758,-0.044120201493833555
MSCI,MSCI,MSCI Inc,Financials,Financial Exchanges & Data,297.83,285.8,304.45,0.00313,0.04209237228831331,-0.02174412875677456
MSFT,MSFT,Microsoft Corp.,Information Technology,Systems Software,183.89,170.23,184.2,0.00142,0.08024437525700523,-0.0016829533116178297
MSI,MSI,Motorola Solutions Inc.,Information Technology,Communications Equipment,179.46,177,182.28,0.00296,0.013898305084745877,-0.015470704410796565
MTB,MTB,M&T Bank Corp.,Financials,Regional Banks,169.95,168.52,176.11,-0.00695,0.008485639686683921,-0.034978138663335545
MTD,MTD,Mettler Toledo,Health Care,Life Sciences Tools & Services,787.15,757.18,873.51,0.01109,0.0395810771547056,-0.09886549667433686
MU,MU,Micron Technology,Information Technology,Semiconductors,56.885,53.09,60.56,-0.03059,0.07148238839706145,-0.06068361955085877
MXIM,MXIM,Maxim Integrated Products Inc,Information Technology,Semiconductors,62.53,60.12,65.73,-0.02419,0.040086493679308166,-0.04868401034535219
MYL,MYL,Mylan N.V.,Health Care,Pharmaceuticals,22.79,21.42,32.23,-0.00263,0.06395891690009314,-0.2928948184920881
NBL,NBL,Noble Energy Inc,Energy,Oil & Gas Exploration & Production,20.05,19.77,28.4,-0.02717,0.014162873039959667,-0.29401408450704214
NCLH,NCLH,Norwegian Cruise Line Holdings,Consumer Discretionary,"Hotels, Resorts & Cruise Lines",52.81,53.85,59.78,-0.04156,-0.01931290622098425,-0.1165941786550686
NDAQ,NDAQ,"Nasdaq, Inc.",Financials,Financial Exchanges & Data,114.32,116.46,120.23,-0.01321,-0.018375407865361515,-0.04915578474590376
NEE,NEE,NextEra Energy,Utilities,Multi-Utilities,269.54,268.2,270.66,0.00451,0.004996271439224653,-0.004138032956476745
NEM,NEM,Newmont Corporation,Materials,Gold,44.02,45.06,45.71,-0.00834,-0.023080337328007072,-0.03697221614526358
NFLX,NFLX,Netflix Inc.,Communication Services,Movies & Entertainment,366.94,345.09,385.99,-3e-05,0.0633168159030979,-0.04935361019715534
NI,NI,NiSource Inc.,Utilities,Multi-Utilities,29.8,29.31,30.67,-0.00168,0.016717843739338267,-0.028366481904140928
NKE,NKE,Nike,Consumer Discretionary,"Apparel, Accessories & Luxury Goods",99.44,96.3,105.62,-0.00828,0.032606438213914846,-0.05851164552168153
NLOK,NLOK,NortonLifeLock,Information Technology,Application Software,19.72,28.42,28.7,0.11982,-0.30612244897959195,-0.31289198606271784
NLSN,NLSN,Nielsen Holdings,Industrials,Research & Consulting Services,21.29,20.4,27.57,0.00425,0.043627450980392224,-0.2277838229960102
NOC,NOC,Northrop Grumman,Industrials,Aerospace & Defense,361.42,374.57,385.01,-0.00641,-0.03510692260458659,-0.061271135814654154
NOV,NOV,National Oilwell Varco Inc.,Energy,Oil & Gas Equipment & Services,24.18,20.61,32.63,0.10461,0.17321688500727794,-0.2589641434262949
NOW,NOW,ServiceNow,Information Technology,Systems Software,341.06,338.23,355.99,-0.00187,0.008367087484847602,-0.041939380319671926
NRG,NRG,NRG Energy,Utilities,Independent Power Producers & Energy Traders,37.88,36.89,43.66,0.00132,0.02683654106804023,-0.13238662391204747
NSC,NSC,Norfolk Southern Corp.,Industrials,Railroads,210.18,208.21,219.88,-0.01175,0.009461601267950703,-0.04411497180280144
NTAP,NTAP,NetApp,Information Technology,"Technology Hardware, Storage & Peripherals",57.3,53.4,78.35,-0.01462,0.0730337078651686,-0.26866624122527116
NTRS,NTRS,Northern Trust Corp.,Financials,Asset Management & Custody Banks,101.27,97.81,110.48,-0.01344,0.03537470606277471,-0.08336350470673437
NUE,NUE,Nucor Corp.,Materials,Steel,47.92,47.49,62.12,-0.02304,0.009054537797430928,-0.2285898261429491
NVDA,NVDA,Nvidia Corporation,Information Technology,Semiconductors,251.68,236.43,259.5,-0.01011,0.06450112083914905,-0.03013487475915222
NVR,NVR,NVR Inc,Consumer Discretionary,Homebuilding,3921.63,3816.97,4058,0.00892,0.027419654857125053,-0.03360522424839818
NWL,NWL,Newell Brands,Consumer Discretionary,Housewares & Specialties,20.06,19.53,22.06,-0.00791,0.027137736815155966,-0.09066183136899364
NWS,NWS,News Corp. Class B,Communication Services,Publishing,14.445,13.97,15.36,-0.02001,0.034001431639226976,-0.0595703125
NWSA,NWSA,News Corp. Class A,Communication Services,Publishing,14.19,13.62,15.07,-0.01935,0.04185022026431717,-0.058394160583941646
O,O,Realty Income Corporation,Real Estate,Retail REITs,79.51,78.41,82.17,0.00455,0.014028822854227796,-0.03237191188998412
ODFL,ODFL,Old Dominion Freight Line,Industrials,Trucking,220.59,196.23,220.59,0.01258,0.12414003974927379,0.0
OKE,OKE,ONEOK,Energy,Oil & Gas Storage & Transportation,75.36,74.87,77.26,-0.00646,0.006544677440897484,-0.02459228578824757
OMC,OMC,Omnicom Group,Communication Services,Advertising,75.74,75.31,85.05,-0.0111,0.005709733103173464,-0.10946502057613172
ORCL,ORCL,Oracle Corp.,Information Technology,Application Software,54.72,52.45,60.5,0.00018,0.043279313632030414,-0.09553719008264461
ORLY,ORLY,O'Reilly Automotive,Consumer Discretionary,Specialty Stores,387.68,406.1,454.31,-0.02625,-0.04535828613641968,-0.1466619709009267
OXY,OXY,Occidental Petroleum,Energy,Oil & Gas Exploration & Production,41.89,39.72,68.83,-0.00546,0.054632426988922456,-0.39139909922998695
PAYC,PAYC,Paycom,Information Technology,Application Software,293.53,318.16,342,0.0097,-0.07741387980890135,-0.14172514619883048
PAYX,PAYX,Paychex Inc.,Information Technology,Data Processing & Outsourced Services,87.99,85.77,89.96,-0.0052,0.02588317593564171,-0.021898621609604207
PBCT,PBCT,People's United Financial,Financials,Thrifts & Mortgage Finance,15.935,15.42,18.03,-0.01086,0.033398184176394397,-0.11619523017193567
PCAR,PCAR,PACCAR Inc.,Industrials,Construction Machinery & Heavy Trucks,75.415,74.21,83.41,-0.02803,0.016237703813502424,-0.09585181632897721
PEAK,PEAK,Healthpeak Properties,Real Estate,Health Care REITs,36.31,35.99,37.93,-0.00028,0.008891358710753083,-0.04271025573424725
PEG,PEG,Public Serv. Enterprise Inc.,Utilities,Electric Utilities,57.7,59.2,63.88,-0.0108,-0.02533783783783783,-0.09674389480275514
PEP,PEP,PepsiCo Inc.,Consumer Staples,Soft Drinks,145.46,142.02,145.46,0.00783,0.024221940571750533,0.0
PFE,PFE,Pfizer Inc.,Health Care,Pharmaceuticals,38.05,37.24,44.56,-0.00549,0.021750805585391886,-0.1460951526032317
PFG,PFG,Principal Financial Group,Financials,Life & Health Insurance,55.58,52.95,60.81,-0.00962,0.049669499527856376,-0.08600559118566031
PG,PG,Procter & Gamble,Consumer Staples,Personal Products,126.08,124.62,128.09,-0.00834,0.011715615471031837,-0.015692091498165417
PGR,PGR,Progressive Corp.,Financials,Property & Casualty Insurance,83.26,80.69,84.96,0.00241,0.031850291238071815,-0.020009416195856722
PH,PH,Parker-Hannifin,Industrials,Industrial Machinery,207.82,195.69,212.05,-0.00967,0.06198579385763203,-0.019948125442112774
PHM,PHM,Pulte Homes Inc.,Consumer Discretionary,Homebuilding,46.1,44.65,47.3,0.01341,0.03247480403135494,-0.025369978858350906
PKG,PKG,Packaging Corporation of America,Materials,Paper Packaging,101.38,95.75,114.78,-0.02828,0.058798955613577064,-0.11674507753964114
PKI,PKI,PerkinElmer,Health Care,Health Care Equipment,93.07,92.48,103,-0.02646,0.006379757785466955,-0.0964077669902913
PLD,PLD,Prologis,Real Estate,Industrial REITs,93.14,92.88,96.96,0.00032,0.002799310938845778,-0.03939768976897684
PM,PM,Philip Morris International,Consumer Staples,Tobacco,87.45,82.7,92.74,0.01474,0.05743651753325274,-0.05704119042484357
PNC,PNC,PNC Financial Services,Financials,Regional Banks,153.35,148.55,161.79,0.00327,0.03231235274318389,-0.052166388528339214
PNR,PNR,Pentair plc,Industrials,Industrial Machinery,43.64,42.93,47.43,-0.01601,0.016538551129746226,-0.07990723170988823
PNW,PNW,Pinnacle West Capital,Utilities,Multi-Utilities,98.06,97.69,99.81,0.00071,0.0037874910430955033,-0.017533313295260977
PPG,PPG,PPG Industries,Materials,Specialty Chemicals,122.61,119.84,134.36,-0.01407,0.02311415220293722,-0.08745162250669847
PPL,PPL,PPL Corp.,Utilities,Electric Utilities,36.02,36.19,36.83,-0.00166,-0.00469743022934499,-0.021992940537605032
PRGO,PRGO,Perrigo,Health Care,Pharmaceuticals,59.91,57.04,60.48,0.01491,0.050315568022440305,-0.009424603174603141
PRU,PRU,Prudential Financial,Financials,Life & Health Insurance,94.67,91.06,106.4,-0.00692,0.03964419064353164,-0.11024436090225564
PSA,PSA,Public Storage,Real Estate,Specialized REITs,225.23,223.76,266.76,0.00536,0.006569538791562302,-0.15568301094616888
PSX,PSX,Phillips 66,Energy,Oil & Gas Refining & Marketing,90.33,91.37,119.92,0.00122,-0.011382291780672071,-0.24674783188792526
PVH,PVH,PVH Corp.,Consumer Discretionary,"Apparel, Accessories & Luxury Goods",86.45,87.17,134.24,-0.02734,-0.008259722381553258,-0.3560041716328963
PWR,PWR,Quanta Services Inc.,Industrials,Construction & Engineering,38.89,39.15,44.09,-0.00563,-0.006641123882503153,-0.11794057609435249
PXD,PXD,Pioneer Natural Resources,Energy,Oil & Gas Exploration & Production,137.82,135,178.22,-0.01866,0.020888888888888735,-0.22668611828077656
PYPL,PYPL,PayPal,Information Technology,Data Processing & Outsourced Services,118.9,113.89,122.19,-0.00826,0.04398981473351493,-0.02692528030117025
QCOM,QCOM,QUALCOMM Inc.,Information Technology,Semiconductors,87.43,85.31,96.17,-0.0351,0.024850545070917773,-0.09088073203701774
QRVO,QRVO,Qorvo,Information Technology,Semiconductors,105.14,105.86,122.37,-0.04218,-0.006801435858681315,-0.1408024842690202
RCL,RCL,Royal Caribbean Cruises Ltd,Consumer Discretionary,"Hotels, Resorts & Cruise Lines",111.55,117.08,135.32,-0.04388,-0.047232661428083356,-0.175657700266036
RE,RE,Everest Re Group Ltd.,Financials,Reinsurance,282.58,276.57,284.27,0.00759,0.021730484145062734,-0.0059450522390684934
REG,REG,Regency Centers Corporation,Real Estate,Retail REITs,63.125,62.04,70.26,-0.00606,0.017488716956802097,-0.10155138058639346
REGN,REGN,Regeneron Pharmaceuticals,Health Care,Biotechnology,381.82,337.94,442,-0.0206,0.12984553471030358,-0.13615384615384618
RF,RF,Regions Financial Corp.,Financials,Regional Banks,16.32,15.57,17.54,-0.00183,0.048169556840077066,-0.06955530216647654
RHI,RHI,Robert Half International,Industrials,Human Resource & Employment Services,59.23,58.17,69.08,-0.01398,0.01822245143544765,-0.1425883034163289
RJF,RJF,Raymond James Financial Inc.,Financials,Investment Banking & Brokerage,94.05,91.43,97.66,-0.00381,0.028655802253089613,-0.03696498054474706
RL,RL,Ralph Lauren Corporation,Consumer Discretionary,"Apparel, Accessories & Luxury Goods",120.56,113.5,133.63,-0.00708,0.06220264317180613,-0.09780737858265354
RMD,RMD,ResMed,Health Care,Health Care Equipment,171.46,158.97,171.46,0.00557,0.07856828332389765,0.0
ROK,ROK,Rockwell Automation Inc.,Industrials,Electrical Components & Equipment,202.72,191.66,207.94,-0.01127,0.05770635500365229,-0.02510339521015681
ROL,ROL,Rollins Inc.,Industrials,Environmental & Facilities Services,38.59,37.95,43.91,-0.01581,0.01686429512516474,-0.12115691186517863
ROP,ROP,Roper Technologies,Industrials,Industrial Conglomerates,385.44,381.66,393,0.00104,0.009904103128438813,-0.01923664122137403
ROST,ROST,Ross Stores,Consumer Discretionary,Apparel Retail,117.45,112.19,122.62,-0.00626,0.0468847490863713,-0.04216277931821888
RSG,RSG,Republic Services Inc,Industrials,Environmental & Facilities Services,97.14,95.05,97.18,0.00559,0.021988427143608602,-0.0004116073266104969
RTN,RTN,Raytheon Co.,Industrials,Aerospace & Defense,230.61,220.94,233.48,0.0091,0.0437675386982892,-0.012292273428130773
SBAC,SBAC,SBA Communications,Real Estate,Specialized REITs,258.85,249.56,270.42,0.00916,0.03722551690976128,-0.04278529694549216
SBUX,SBUX,Starbucks Corp.,Consumer Discretionary,Restaurants,86.475,84.83,99.72,0.00377,0.01939172462572203,-0.13282190132370641
SCHW,SCHW,Charles Schwab Corporation,Financials,Investment Banking & Brokerage,47.31,45.55,51.65,-0.01087,0.03863885839736558,-0.08402710551790893
SEE,SEE,Sealed Air,Materials,Paper Packaging,36.93,35.5,47.13,-0.01467,0.04028169014084515,-0.21642266072565253
SHW,SHW,Sherwin-Williams,Materials,Specialty Chemicals,572.55,556.99,599.95,-0.01607,0.027935869584732043,-0.04567047253937839
SIVB,SIVB,SVB Financial,Financials,Regional Banks,257.15,240.33,270.4,-0.01885,0.0699871010693629,-0.04900147928994081
SJM,SJM,JM Smucker,Consumer Staples,Packaged Foods & Meats,108.23,103.61,128.43,0.00427,0.044590290512498854,-0.15728412364712296
SLB,SLB,Schlumberger Ltd.,Energy,Oil & Gas Equipment & Services,34.42,33.51,48.88,-0.00261,0.027156072814085386,-0.2958265139116203
SLG,SLG,SL Green Realty,Real Estate,Office REITs,94.11,92.04,96.39,-0.00149,0.02249022164276404,-0.023653906006847247
SNA,SNA,Snap-on,Industrials,Industrial Machinery,155.74,159.63,174,-0.02699,-0.0243688529724988,-0.10494252873563215
SNPS,SNPS,Synopsys Inc.,Information Technology,Application Software,154.22,147.51,158,-0.00355,0.04548844146159592,-0.023924050632911364
SO,SO,Southern Co.,Utilities,Electric Utilities,68.38,70.4,71.1,-0.00668,-0.028693181818181923,-0.038255977496483795
SPG,SPG,Simon Property Group Inc,Real Estate,Retail REITs,141.02,133.15,186.44,0.00114,0.059106271122793874,-0.24361724951727093
SPGI,SPGI,"S&P Global, Inc.",Financials,Financial Exchanges & Data,295.48,293.73,300.89,-0.00014,0.005957852449528511,-0.017979992688357815
SRE,SRE,Sempra Energy,Utilities,Multi-Utilities,158.59,160.64,161.87,-0.0119,-0.012761454183266796,-0.02026317415209733
STE,STE,STERIS plc,Health Care,Health Care Equipment,152.87,150.69,156.66,-0.00895,0.014466786117194319,-0.024192518830588483
STT,STT,State Street Corp.,Financials,Asset Management & Custody Banks,79.14,75.63,85.89,-0.01408,0.04641015470051579,-0.07858889276982184
STX,STX,Seagate Technology,Information Technology,"Technology Hardware, Storage & Peripherals",54.11,56.99,64.17,-0.01904,-0.050535181610808944,-0.15677107682717784
STZ,STZ,Constellation Brands,Consumer Staples,Distillers & Vintners,200.34,188.3,214.48,0.0027,0.06394052044609655,-0.06592689295039156
SWK,SWK,Stanley Black & Decker,Industrials,Industrial Machinery,163.05,159.33,173.67,-0.01848,0.02334776878177358,-0.06115045776472605
SWKS,SWKS,Skyworks Solutions,Information Technology,Semiconductors,113.995,113.15,128.48,-0.03131,0.007467962881131163,-0.11274128268991268
SYF,SYF,Synchrony Financial,Financials,Consumer Finance,33.19,32.41,38.18,0,0.024066646096883693,-0.1306966998428497
SYK,SYK,Stryker Corp.,Health Care,Health Care Equipment,214.81,210.7,223.45,-0.01572,0.019506407214048505,-0.03866636831505921
SYY,SYY,Sysco Corp.,Consumer Staples,Food Distributors,77.36,82.14,85.98,0.00966,-0.058193328463598704,-0.10025587345894393
T,T,AT&T Inc.,Communication Services,Integrated Telecommunication Services,38.45,37.62,39.7,0.00026,0.02206273258904856,-0.03148614609571787
TAP,TAP,Molson Coors Brewing Company,Consumer Staples,Brewers,57.78,55.58,66.12,0.00487,0.03958258366318823,-0.12613430127041747
TDG,TDG,TransDigm Group,Industrials,Aerospace & Defense,634.54,643.28,673.51,0.0012,-0.013586618579778609,-0.057861056257516585
TEL,TEL,TE Connectivity Ltd.,Information Technology,Electronic Manufacturing Services,93.22,92.18,101,-0.0149,0.011282273812106558,-0.07702970297029699
TFC,TFC,Truist Financial,Financials,Regional Banks,54.27,51.57,56.92,0.00166,0.05235602094240832,-0.046556570625439164
TFX,TFX,Teleflex,Health Care,Health Care Equipment,375.07,371.51,390.22,-0.01662,0.009582514602567871,-0.03882425298549541
TGT,TGT,Target Corp.,Consumer Discretionary,General Merchandise Stores,115.61,110.74,130.24,0.00408,0.04397688278851364,-0.11233108108108114
TIF,TIF,Tiffany & Co.,Consumer Discretionary,"Apparel, Accessories & Luxury Goods",134.11,134.02,134.39,-7e-05,0.0006715415609610531,-0.00208348835478811
TJX,TJX,TJX Companies Inc.,Consumer Discretionary,Apparel Retail,61.38,59.04,63.03,-0.00712,0.03963414634146356,-0.02617801047120416
TMO,TMO,Thermo Fisher Scientific,Health Care,Life Sciences Tools & Services,326.21,313.19,342.26,-0.01744,0.04157220856349175,-0.046894174019751156
TMUS,TMUS,T-Mobile US,Communication Services,Wireless Telecommunication Services,85.45,79.19,85.45,0.03238,0.07905038514964025,0.0
TPR,TPR,"Tapestry, Inc.",Consumer Discretionary,"Apparel, Accessories & Luxury Goods",27.97,25.77,36.55,-0.03552,0.08537058595265812,-0.23474692202462377
TROW,TROW,T. Rowe Price Group,Financials,Asset Management & Custody Banks,138.29,133.53,139.47,0.00377,0.03564742005541821,-0.008460600846060151
TRV,TRV,The Travelers Companies Inc.,Financials,Property & Casualty Insurance,136.01,131.62,155.09,-0.00359,0.03335359367877211,-0.1230253401250887
TSCO,TSCO,Tractor Supply Company,Consumer Discretionary,Specialty Stores,96.53,92.95,114.25,-0.00062,0.03851533082302305,-0.15509846827133478
TSN,TSN,Tyson Foods,Consumer Staples,Packaged Foods & Meats,80.35,82.63,94.24,0.00727,-0.027592883940457447,-0.14738964346349748
TTWO,TTWO,Take-Two Interactive,Communication Services,Interactive Home Entertainment,112.625,124.64,135.7,-0.11833,-0.09639762516046213,-0.17004421518054524
TWTR,TWTR,"Twitter, Inc.",Communication Services,Interactive Media & Services,37.03,32.48,45.86,-0.03593,0.14008620689655182,-0.19254252071522016
TXN,TXN,Texas Instruments,Information Technology,Semiconductors,128.71,120.65,135.7,-0.02875,0.06680480729382521,-0.051510685335298345
TXT,TXT,Textron Inc.,Industrials,Aerospace & Defense,50.75,45.93,58,0.00138,0.10494230350533429,-0.125
UA,UA,Under Armour Class C,Consumer Discretionary,"Apparel, Accessories & Luxury Goods",17.97,17.96,24.55,-0.02337,0.000556792873051215,-0.26802443991853364
UAA,UAA,Under Armour Class A,Consumer Discretionary,"Apparel, Accessories & Luxury Goods",20.25,20.18,27.72,-0.02032,0.003468780971258578,-0.26948051948051943
UAL,UAL,United Airlines Holdings,Industrials,Airlines,79.495,74.8,96.03,-0.01248,0.06276737967914459,-0.17218577527855872
UDR,UDR,"UDR, Inc.",Real Estate,Residential REITs,48.83,47.91,50.61,0.00411,0.01920267167605938,-0.03517091483896462
UHS,UHS,"Universal Health Services, Inc.",Health Care,Health Care Facilities,138.13,137.11,157.79,-0.02091,0.007439282328057573,-0.12459598200139421
ULTA,ULTA,Ulta Beauty,Consumer Discretionary,Specialty Stores,295.935,267.91,368.83,0.00984,0.10460602441118283,-0.19763847843179783
UNH,UNH,United Health Group Inc.,Health Care,Managed Health Care,289.22,272.45,302.54,-0.01108,0.061552578454762585,-0.04402723606795789
UNM,UNM,Unum Group,Financials,Life & Health Insurance,29.46,26.69,38.29,0.00034,0.10378418883476948,-0.23060851397231652
UNP,UNP,Union Pacific Corp,Industrials,Railroads,183.83,179.42,188.96,-0.01225,0.024579199643295135,-0.027148602878916184
UPS,UPS,United Parcel Service,Industrials,Air Freight & Logistics,103.12,103.52,125.31,-0.03183,-0.00386398763523943,-0.17708083951799536
URI,URI,"United Rentals, Inc.",Industrials,Trading Companies & Distributors,149.75,135.69,170.04,-0.01874,0.10361854226545808,-0.11932486473770876
USB,USB,U.S. Bancorp,Financials,Diversified Banks,54.62,53.22,61.11,-0.00328,0.02630590003757982,-0.10620193094419905
UTX,UTX,United Technologies,Industrials,Aerospace & Defense,156.83,150.2,156.83,0.00403,0.04414114513981371,0.0
V,V,Visa Inc.,Information Technology,Data Processing & Outsourced Services,202.74,198.97,210.13,-0.00148,0.018947580037191658,-0.035168705087326835
VAR,VAR,Varian Medical Systems,Health Care,Health Care Equipment,140.81,140.57,150.06,-0.01158,0.0017073344241302912,-0.061642009862721614
VFC,VFC,V.F. Corp.,Consumer Discretionary,"Apparel, Accessories & Luxury Goods",82.96,82.97,100.25,-0.01332,-0.00012052549114138777,-0.1724688279301746
VIAC,VIAC,ViacomCBS,Communication Services,Movies & Entertainment,34.705,34.13,53.71,0.00303,0.01684734837386448,-0.3538447216533235
VLO,VLO,Valero Energy,Energy,Oil & Gas Refining & Marketing,84.04,84.31,101.99,0.00925,-0.00320246708575489,-0.17599764682812025
VMC,VMC,Vulcan Materials,Materials,Construction Materials,147.72,141.63,152.49,0.00469,0.042999364541410845,-0.031280739720637496
VNO,VNO,Vornado Realty Trust,Real Estate,Office REITs,66.34,65.77,70.54,-0.00525,0.008666565303329987,-0.05954068613552599
VRSK,VRSK,Verisk Analytics,Industrials,Research & Consulting Services,169.18,162.47,169.9,0.00136,0.04129993229519302,-0.004237786933490306
VRSN,VRSN,Verisign Inc.,Information Technology,Internet Services & Infrastructure,205,208.14,221.78,-0.05504,-0.015085999807821548,-0.07566056452340153
VRTX,VRTX,Vertex Pharmaceuticals Inc,Health Care,Biotechnology,239.99,227.05,244.65,0.00364,0.05699185201497459,-0.01904761904761898
VTR,VTR,Ventas Inc,Real Estate,Health Care REITs,58.94,57.86,75.4,0.00136,0.018665744901486425,-0.21830238726790463
VZ,VZ,Verizon Communications,Communication Services,Integrated Telecommunication Services,59.94,59.44,62.22,0.00841,0.00841184387617755,-0.03664416586306651
WAB,WAB,Wabtec Corporation,Industrials,Construction Machinery & Heavy Trucks,77.43,73.86,81.75,-0.03418,0.04833468724614143,-0.052844036697247576
WAT,WAT,Waters Corporation,Health Care,Health Care Distributors,217.36,223.79,255.21,-0.0124,-0.028732293668170983,-0.1483092355315231
WBA,WBA,Walgreens Boots Alliance,Consumer Staples,Drug Retail,53.29,50.85,74.95,-0.00374,0.04798426745329398,-0.28899266177451644
WDC,WDC,Western Digital,Information Technology,"Technology Hardware, Storage & Peripherals",67.05,65.5,72,-0.02402,0.023664122137404542,-0.06875000000000009
WEC,WEC,Wec Energy Group Inc,Utilities,Electric Utilities,99.75,99.89,101.37,-0.0015,-0.0014015416958654825,-0.015981059485054794
WELL,WELL,Welltower Inc.,Real Estate,Health Care REITs,84.13,84.91,93.17,-0.00638,-0.009186197149923414,-0.09702694000214673
WFC,WFC,Wells Fargo,Financials,Diversified Banks,47.84,46.94,54.75,-0.00292,0.019173412867490525,-0.12621004566210037
WHR,WHR,Whirlpool Corp.,Consumer Discretionary,Household Appliances,149.21,146.17,163.64,-0.02515,0.02079770130669778,-0.08818137374724999
WLTW,WLTW,Willis Towers Watson,Financials,Insurance Brokers,210.265,211.29,220.97,0.00653,-0.004851152444507623,-0.04844549033805501
WM,WM,Waste Management Inc.,Industrials,Environmental & Facilities Services,123.91,121.7,124.14,0.00137,0.018159408381265285,-0.0018527468986628826
WMB,WMB,Williams Cos.,Energy,Oil & Gas Storage & Transportation,21.06,20.69,29.55,-0.01772,0.017883035282745263,-0.2873096446700508
WMT,WMT,Walmart,Consumer Staples,Hypermarkets & Super Centers,116.45,114.49,125.38,0.0012,0.01711939907415494,-0.07122348061891848
WRB,WRB,W. R. Berkley Corporation,Financials,Property & Casualty Insurance,77.81,73.53,77.81,0.00816,0.05820753433972525,0.0
WRK,WRK,WestRock,Materials,Paper Packaging,41.22,39,44.39,-0.0108,0.056923076923076854,-0.07141248028835323
WU,WU,Western Union Co,Information Technology,Data Processing & Outsourced Services,27.65,26.9,28.25,-0.01144,0.027881040892193232,-0.0212389380530974
WY,WY,Weyerhaeuser,Real Estate,Specialized REITs,28.58,28.95,31.58,-0.00244,-0.012780656303972404,-0.09499683343888543
WYNN,WYNN,Wynn Resorts Ltd,Consumer Discretionary,Casinos & Gaming,126.91,126.16,153.41,-0.05425,0.005944831959416641,-0.17273971709797276
XEC,XEC,Cimarex Energy,Energy,Oil & Gas Exploration & Production,43.06,43.89,76.74,-0.01487,-0.018910913647755767,-0.4388845452176179
XEL,XEL,Xcel Energy Inc,Utilities,Multi-Utilities,68.71,69.19,69.82,-0.00851,-0.006937418702124609,-0.015898023488971624
XLNX,XLNX,Xilinx,Information Technology,Semiconductors,85.59,84.48,141.6,-0.02428,0.013139204545454586,-0.39555084745762703
XOM,XOM,Exxon Mobil Corp.,Energy,Integrated Oil & Gas,61.47,62.12,83.49,-0.00663,-0.010463618802318053,-0.26374416097736253
XRAY,XRAY,Dentsply Sirona,Health Care,Health Care Supplies,57.07,56,60.87,-0.0092,0.019107142857142767,-0.062428125513389165
XRX,XRX,Xerox,Information Technology,"Technology Hardware, Storage & Peripherals",37.17,35.57,39.47,-0.01354,0.044981726173741965,-0.058272105396503626
XYL,XYL,Xylem Inc.,Industrials,Industrial Machinery,84.2,81.66,87.7,0.01299,0.031104579965711476,-0.039908779931584926
YUM,YUM,Yum! Brands Inc,Consumer Discretionary,Restaurants,102.04,105.77,119.72,-0.01639,-0.035265198071286696,-0.1476779151353157
ZBH,ZBH,Zimmer Biomet Holdings,Health Care,Health Care Equipment,156.39,147.9,159.79,-0.01648,0.057403651115618626,-0.021277927279554465
ZBRA,ZBRA,Zebra Technologies,Information Technology,Electronic Equipment & Instruments,247.425,239.02,260.4,-0.01851,0.03516442138733167,-0.04982718894009208
ZION,ZION,Zions Bancorp,Financials,Regional Banks,46.24,45.49,52.48,-0.01638,0.016487140030776004,-0.11890243902439013
ZTS,ZTS,Zoetis,Health Care,Pharmaceuticals,138.9,134.21,143.33,-0.0005,0.03494523507935332,-0.030907695527803036
